Ticker,Security,GICS Sector,GICS Sub Industry,Address of Headquarters,Date first added,CIK
ABT,Abbott Laboratories,Health Care,Health Care Equipment & Services,"North Chicago, Illinois",,1800
ABBV,AbbVie,Health Care,Pharmaceuticals,"North Chicago, Illinois",12/31/2012,1551152
ACE,ACE Limited,Financials,Property & Casualty Insurance,"Zurich, Switzerland",,896159
ACN,Accenture plc,Information Technology,IT Consulting & Services,"Dublin, Ireland",,1467373
ACT,Actavis plc,Health Care,Pharmaceuticals,"Dublin, Ireland",,884629
ADBE,Adobe Systems Inc,Information Technology,Application Software,"San Jose, California",,796343
ADT,ADT Corp,Industrials,Diversified Commercial Services,"Boca Raton, Florida",10/1/2012,1546640
AES,AES Corp,Utilities,Electric Utilities,"Arlington, Virginia",,874761
AET,Aetna Inc,Health Care,Managed Health Care,"Hartford, Connecticut",6/30/1976,1122304
AFL,AFLAC Inc,Financials,Life & Health Insurance,"Columbus, Georgia",,4977
AMG,Affiliated Managers Group Inc,Financials,Asset Management & Custody Banks,"Beverly, Massachusetts",7/1/2014,1004434
A,Agilent Technologies Inc,Health Care,Health Care Equipment & Services,"Santa Clara, California",,1090872
GAS,AGL Resources Inc.,Utilities,Gas Utilities,"Atlanta, Georgia",,1004155
APD,Air Products & Chemicals Inc,Materials,Industrial Gases,"Allentown, Pennsylvania",4/30/1985,2969
ARG,Airgas Inc,Materials,Industrial Gases,"Radnor, Pennsylvania",,804212
AKAM,Akamai Technologies Inc,Information Technology,Internet Software & Services,"Cambridge, Massachusetts",,1086222
AA,Alcoa Inc,Materials,Aluminum,"New York, New York",,4281
ALXN,Alexion Pharmaceuticals,Health Care,Biotechnology,"Cheshire, Connecticut",5/24/2012,899866
ATI,Allegheny Technologies Inc,Materials,Diversified Metals & Mining,"Pittsburgh, Pennsylvania",12/31/1978,1018963
ALLE,Allegion,Industrials,Building Products,"Dublin, Ireland",12/2/2013,1579241
AGN,Allergan Inc,Health Care,Pharmaceuticals,"Irvine, California",2/7/1992,850693
ADS,Alliance Data Systems,Information Technology,Data Processing & Outsourced Services,"Plano, Texas",,1101215
ALL,Allstate Corp,Financials,Property & Casualty Insurance,"Northfield Township, Illinois",,899051
ALTR,Altera Corp,Information Technology,Semiconductors,"San Jose, California",,768251
MO,Altria Group Inc,Consumer Staples,Tobacco,"Richmond, Virginia",,764180
AMZN,Amazon.com Inc,Consumer Discretionary,Internet Retail,"Seattle, Washington",,1018724
AEE,Ameren Corp,Utilities,Multi-Utilities & Unregulated Power,"St. Louis, Missouri",9/19/1991,1002910
AEP,American Electric Power,Utilities,Electric Utilities,"Columbus, Ohio",,4904
AXP,American Express Co,Financials,Consumer Finance,"New York, New York",6/30/1976,4962
AIG,"American International Group, Inc.",Financials,Property & Casualty Insurance,"New York, New York",3/31/1980,5272
AMT,American Tower Corp A,Financials,REITs,"Boston, Massachusetts",,1053507
AMP,Ameriprise Financial,Financials,Diversified Financial Services,"Minneapolis, Minnesota",,820027
ABC,AmerisourceBergen Corp,Health Care,Health Care Distribution & Services,"Chesterbrook, Pennsylvania",,1140859
AME,Ametek,Industrials,Electrical Components and Equipment,"Berwyn, Pennsylvania",9/20/2013,1037868
AMGN,Amgen Inc,Health Care,Biotechnology,"Thousand Oaks, California",1/2/1992,318154
APH,Amphenol Corp A,Industrials,Electrical Components & Equipment,"Wallingford, Connecticut",,820313
APC,Anadarko Petroleum Corp,Energy,Oil & Gas Exploration & Production,"The Woodlands, Texas",,773910
ADI,"Analog Devices, Inc.",Information Technology,Semiconductors,"Norwood, Massachusetts",,6281
AON,Aon plc,Financials,Insurance Brokers,"London, United Kingdom",,315293
APA,Apache Corporation,Energy,Oil & Gas Exploration & Production,"Houston, Texas",,6769
AIV,Apartment Investment & Mgmt,Financials,REITs,"Denver, Colorado",,922864
AAPL,Apple Inc.,Information Technology,Computer Hardware,"Cupertino, California",11/30/1982,320193
AMAT,Applied Materials Inc,Information Technology,Semiconductor Equipment,"Santa Clara, California",,6951
ADM,Archer-Daniels-Midland Co,Consumer Staples,Agricultural Products,"Decatur, Illinois",7/29/1981,7084
AIZ,Assurant Inc,Financials,Multi-line Insurance,"New York, New York",,1267238
T,AT&T Inc,Telecommunications Services,Integrated Telecommunications Services,"Dallas, Texas",11/30/1983,732717
ADSK,Autodesk Inc,Information Technology,Application Software,"San Rafael, California",12/1/1989,769397
ADP,Automatic Data Processing,Information Technology,Internet Software & Services,"Roseland, New Jersey",3/31/1981,8670
AN,AutoNation Inc,Consumer Discretionary,Specialty Stores,"Fort Lauderdale, Florida",,350698
AZO,AutoZone Inc,Consumer Discretionary,Specialty Stores,"Memphis, Tennessee",,866787
AVGO,Avago Technologies,Information Technology,Semiconductors,"San Jose, California",5/8/2014,1441634
AVB,"AvalonBay Communities, Inc.",Financials,REITs,"Arlington, Virginia[1]",,915912
AVY,Avery Dennison Corp,Materials,Paper Packaging,"Glendale, California",12/31/1987,8818
AVP,Avon Products,Consumer Staples,Personal Products,"New York, New York",6/30/1967,8868
BHI,Baker Hughes Inc,Energy,Oil & Gas Equipment & Services,"Houston, Texas",,808362
BLL,Ball Corp,Materials,Metal & Glass Containers,"Broomfield, Colorado",10/31/1984,9389
BAC,Bank of America Corp,Financials,Banks,"Charlotte, North Carolina",6/30/1976,70858
BK,The Bank of New York Mellon Corp.,Financials,Banks,"New York, New York",,1390777
BCR,Bard (C.R.) Inc.,Health Care,Health Care Equipment & Services,"Murray Hill, New Jersey",6/30/1975,9892
BAX,Baxter International Inc.,Health Care,Health Care Equipment & Services,"Deerfield, Illinois",9/30/1972,10456
BBT,BB&T Corporation,Financials,Banks,"Winston-Salem, North Carolina",,92230
BDX,Becton Dickinson,Health Care,Health Care Equipment & Services,"Franklin Lakes, New Jersey",9/30/1972,10795
BBBY,Bed Bath & Beyond,Consumer Discretionary,Specialty Stores,"Union, New Jersey",,886158
BMS,Bemis Company,Materials,Paper Packaging,"Neenah, Wisconsin",9/30/1978,11199
BRK.B,Berkshire Hathaway,Financials,Multi-Sector Holdings,"Omaha, Nebraska",,1067983
BBY,Best Buy Co. Inc.,Consumer Discretionary,Computer & Electronics Retail,"Richfield, Minnesota",,764478
BIIB,BIOGEN IDEC Inc.,Health Care,Biotechnology,"Weston, Massachusetts",,875045
BLK,BlackRock,Financials,Diversified Financial Services,"New York, New York",,1364742
HRB,Block H&R,Financials,Consumer Finance,"Kansas City, Missouri",11/30/1986,12659
BA,Boeing Company,Industrials,Aerospace & Defense,"Chicago, Illinois",,12927
BWA,BorgWarner,Consumer Discretionary,Auto Parts & Equipment,"Auburn Hills, Michigan",12/16/2011,908255
BXP,Boston Properties,Financials,REITs,"Boston, Massachusetts",,1037540
BSX,Boston Scientific,Health Care,Health Care Equipment & Services,"Marlborough, Massachusetts[2]",,885725
BMY,Bristol-Myers Squibb,Health Care,Health Care Distributors & Services,"New York, New York",,14272
BRCM,Broadcom Corporation,Information Technology,Semiconductors,"Irvine, California",,1054374
BF.B,Brown-Forman Corporation,Consumer Staples,Distillers & Vintners,"Louisville, Kentucky",10/31/1982,14693
CHRW,C. H. Robinson Worldwide,Industrials,Air Freight & Logistics,"Eden Prairie, Minnesota",,1043277
CA,"CA, Inc.",Information Technology,Systems Software,"Islandia, New York",7/31/1987,356028
CVC,Cablevision Systems Corp.,Consumer Discretionary,Broadcasting & Cable TV,"Bethpage, New York",,1053112
COG,Cabot Oil & Gas,Energy,Oil & Gas Exploration & Production,"Houston, Texas",,858470
CAM,Cameron International Corp.,Energy,Oil & Gas Equipment & Services,"Houston, Texas",,941548
CPB,Campbell Soup,Consumer Staples,Packaged Foods & Meats,"Camden, New Jersey",,16732
COF,Capital One Financial,Financials,Consumer Finance,"Tysons Corner, Virginia",,927628
CAH,Cardinal Health Inc.,Health Care,Health Care Distributors & Services,"Dublin, Ohio",,721371
CFN,Carefusion,Health Care,Health Care Equipment & Services,"San Diego, California[3]",,1457543
KMX,Carmax Inc,Consumer Discretionary,Specialty Stores,"Richmond, Virginia",,1170010
CCL,Carnival Corp.,Consumer Discretionary,"Hotels, Resorts & Cruise Lines","Miami, Florida",,815097
CAT,Caterpillar Inc.,Industrials,Construction & Farm Machinery & Heavy Trucks,"Peoria, Illinois",,18230
CBG,CBRE Group,Financials,Real Estate Management & Development,"Los Angeles, California",,1138118
CBS,CBS Corp.,Consumer Discretionary,Broadcasting & Cable TV,"New York, New York",9/1/1994,813828
CELG,Celgene Corp.,Health Care,Biotechnology,"Summit, New Jersey",,816284
CNP,CenterPoint Energy,Utilities,Multi-Utilities & Unregulated Power,"Houston, Texas",7/31/1985,1130310
CTL,CenturyLink Inc,Telecommunications Services,Integrated Telecommunications Services,"Monroe, Louisiana",,18926
CERN,Cerner,Health Care,Health Care Distributors & Services,"North Kansas City, Missouri",,804753
CF,CF Industries Holdings Inc,Materials,Fertilizers & Agricultural Chemicals,"Deerfield, Illinois",,1324404
SCHW,Charles Schwab Corporation,Financials,Diversified Financial Services,"San Francisco, California",,316709
CHK,Chesapeake Energy,Energy,Integrated Oil & Gas,"Oklahoma City, Oklahoma",,895126
CVX,Chevron Corp.,Energy,Integrated Oil & Gas,"San Ramon, California",,93410
CMG,Chipotle Mexican Grill,Consumer Discretionary,Restaurants,"Denver, Colorado",,1058090
CB,Chubb Corp.,Financials,Property & Casualty Insurance,"Warren, New Jersey",6/30/1976,20171
CI,CIGNA Corp.,Health Care,Managed Health Care,"Philadelphia, Pennsylvania",6/30/1976,701221
XEC,Cimarex Energy,Energy,Oil & Gas Exploration & Production,"Denver, Colorado",6/21/2014,1168054
CINF,Cincinnati Financial,Financials,Property & Casualty Insurance,"Fairfield, Ohio",,20286
CTAS,Cintas Corporation,Industrials,Diversified Commercial Services,"Mason, Ohio",,723254
CSCO,Cisco Systems,Information Technology,Networking Equipment,"San Jose, California",12/1/1993,858877
C,Citigroup Inc.,Financials,Banks,"New York, New York",5/31/1988,831001
CTXS,Citrix Systems,Information Technology,Internet Software & Services,"Fort Lauderdale, Florida",,877890
CLX,The Clorox Company,Consumer Staples,Household Products,"Oakland, California",3/31/1969,21076
CME,CME Group Inc.,Financials,Diversified Financial Services,"Chicago, Illinois",,1156375
CMS,CMS Energy,Utilities,Multi-Utilities & Unregulated Power,"Jackson, Michigan",,811156
COH,Coach Inc.,Consumer Discretionary,"Apparel, Accessories & Luxury Goods","New York, New York",,1116132
KO,The Coca Cola Company,Consumer Staples,Soft Drinks,"Atlanta, Georgia",,21344
CCE,Coca-Cola Enterprises,Consumer Staples,Soft Drinks,"Atlanta, Georgia",,1491675
CTSH,Cognizant Technology Solutions,Information Technology,IT Consulting & Services,"Teaneck, New Jersey",,1058290
CL,Colgate-Palmolive,Consumer Staples,Household Products,"New York, New York",,21665
CMCSA,Comcast Corp.,Consumer Discretionary,Broadcasting & Cable TV,"Philadelphia, Pennsylvania",,1166691
CMA,Comerica Inc.,Financials,Banks,"Dallas, Texas",,28412
CSC,Computer Sciences Corp.,Information Technology,IT Consulting & Services,"Falls Church, Virginia",6/30/1981,23082
CAG,ConAgra Foods Inc.,Consumer Staples,Packaged Foods & Meats,"Omaha, Nebraska",8/31/1983,23217
COP,ConocoPhillips,Energy,Oil & Gas Exploration & Production,"Houston, Texas",,1163165
CNX,CONSOL Energy Inc.,Energy,Coal & Consumable Fuels,"Cecil Township, Pennsylvania",,1070412
ED,Consolidated Edison,Utilities,Multi-Utilities & Unregulated Power,"New York, New York",,1047862
STZ,Constellation Brands,Consumer Staples,Distillers & Vintners,"Victor, New York",,16918
GLW,Corning Inc.,Industrials,Construction & Engineering,"Corning, New York",,24741
COST,Costco Co.,Consumer Staples,Hypermarkets & Super Centers,"Issaquah, Washington",10/1/1993,909832
COV,Covidien plc,Health Care,Health Care Equipment & Services,"Dublin, Ireland",,1385187
CCI,Crown Castle International Corp.,Financials,REITs,"Houston, Texas",,1051470
CSX,CSX Corp.,Industrials,Railroads,"Jacksonville, Florida",9/30/1967,277948
CMI,Cummins Inc.,Industrials,Industrial Machinery,"Columbus, Indiana",3/31/1965,26172
CVS,CVS Caremark Corp.,Consumer Staples,Drug Retail,"Woonsocket, Rhode Island",,64803
DHI,D. R. Horton,Consumer Discretionary,Construction,"Fort Worth, Texas",,882184
DHR,Danaher Corp.,Industrials,Industrial Machinery,Washington D.C,,313616
DRI,Darden Restaurants,Consumer Discretionary,Restaurants,"Orlando, Florida",,940944
DVA,DaVita Inc.,Health Care,Health Care Facilities,"Denver, Colorado",,927066
DE,Deere & Co.,Industrials,Construction & Farm Machinery & Heavy Trucks,"Moline, Illinois",,315189
DLPH,Delphi Automotive,Consumer Discretionary,Auto Parts & Equipment,"Gillingham, Kent, United Kingdom",12/24/2012,1521332
DAL,Delta Air Lines,Industrials,Airlines,"Atlanta, Georgia",9/10/2013,27904
DNR,Denbury Resources Inc.,Energy,Oil & Gas Exploration & Production,"Plano, Texas",,945764
XRAY,Dentsply International,Health Care,Health Care Supplies,"York, Pennsylvania",,818479
DVN,Devon Energy Corp.,Energy,Oil & Gas Exploration & Production,"Oklahoma City, Oklahoma",,1090012
DO,Diamond Offshore Drilling,Energy,Oil & Gas Drilling,"Houston, Texas",,949039
DTV,DirecTV,Consumer Discretionary,Broadcasting & Cable TV,"El Segundo, California",,1465112
DFS,Discover Financial Services,Financials,Consumer Finance,"Riverwoods, Illinois",,1393612
DISCA,Discovery Communications-A,Consumer Discretionary,Broadcasting & Cable TV,"Silver Spring, Maryland",,1437107
DISCK,Discovery Communications-C,Consumer Discretionary,Broadcasting & Cable TV,"Silver Spring, Maryland",8/6/2014,1437107
DG,Dollar General,Consumer Discretionary,General Merchandise Stores,"Goodlettsville, Tennessee",12/3/2012,29534
DLTR,Dollar Tree,Consumer Discretionary,General Merchandise Stores,"Chesapeake, Virginia",12/16/2011,935703
D,Dominion Resources,Utilities,Multi-Utilities & Unregulated Power,"Richmond, Virginia",,715957
DOV,Dover Corp.,Industrials,Industrial Machinery,"Downers Grove, Illinois",10/31/1985,29905
DOW,Dow Chemical,Materials,Diversified Chemicals,"Midland, Michigan",,29915
DPS,Dr Pepper Snapple Group,Consumer Staples,Soft Drinks,"Plano, Texas",,1418135
DTE,DTE Energy Co.,Utilities,Multi-Utilities & Unregulated Power,"Detroit, Michigan",,936340
DD,Du Pont (E.I.),Materials,Diversified Chemicals,"Wilmington, Delaware",,30554
DUK,Duke Energy,Utilities,Electric Utilities,"Charlotte, North Carolina",6/30/1976,1326160
DNB,Dun & Bradstreet,Industrials,Data Processing Services,"Short Hills, New Jersey",,1115222
ETFC,E-Trade,Financials,Diversified Financial Services,"New York, New York",,1015780
EMN,Eastman Chemical,Materials,Diversified Chemicals,"Kingsport, Tennessee",1/1/1994,915389
ETN,Eaton Corporation,Industrials,Industrial Conglomerates,"Dublin, Ireland",,1551182
EBAY,eBay Inc.,Information Technology,Internet Software & Services,"San Jose, California",,1065088
ECL,Ecolab Inc.,Materials,Specialty Chemicals,"St. Paul, Minnesota",1/31/1989,31462
EIX,Edison Int'l,Utilities,Multi-Utilities & Unregulated Power,"Rosemead, California",,827052
EW,Edwards Lifesciences,Health Care,Health Care Equipment & Services,"Irvine, California",,1099800
EA,Electronic Arts,Information Technology,Application Software,"Redwood City, California",,712515
EMC,EMC Corp.,Information Technology,IT Consulting & Services,"Hopkinton, Massachusetts",,790070
EMR,Emerson Electric,Industrials,Industrial Conglomerates,"Ferguson, Missouri",3/31/1965,32604
ESV,Ensco plc,Energy,Oil & Gas Drilling,"London, United Kingdom",7/30/2012,314808
ETR,Entergy Corp.,Utilities,Electric Utilities,"New Orleans, Louisiana",,65984
EOG,EOG Resources,Energy,Oil & Gas Exploration & Production,"Houston, Texas",,821189
EQT,EQT Corporation,Energy,Oil & Gas Exploration & Production,"Pittsburgh, Pennsylvania",,33213
EFX,Equifax Inc.,Financials,Diversified Financial Services,"Atlanta, Georgia",,33185
EQR,Equity Residential,Financials,REITs,"Chicago, Illinois",,906107
ESS,Essex Property Trust Inc,Financials,Residential REITs,"Palo Alto, California",,920522
EL,Estee Lauder Cos.,Consumer Staples,Personal Products,"New York, New York",,1001250
EXC,Exelon Corp.,Utilities,Multi-Utilities & Unregulated Power,"Chicago, Illinois",,1109357
EXPE,Expedia Inc.,Consumer Discretionary,"Hotels, Resorts & Cruise Lines","Bellevue, Washington",,1324424
EXPD,Expeditors Int'l,Industrials,Air Freight & Logistics,"Seattle, Washington",,746515
ESRX,Express Scripts,Health Care,Health Care Distributors & Services,"Cool Valley, Missouri",,1532063
XOM,Exxon Mobil Corp.,Energy,Integrated Oil & Gas,"Irving, Texas",,34088
FFIV,F5 Networks,Information Technology,Networking Equipment,"Seattle, Washington",,1048695
FB,Facebook,Information Technology,Internet Software & Services,"Menlo Park, California",,1326801
FDO,Family Dollar Stores,Consumer Discretionary,General Merchandise Stores,"Matthews, North Carolina",,34408
FAST,Fastenal Co,Industrials,Building Products,"Winona, Minnesota",,815556
FDX,FedEx Corporation,Industrials,Air Freight & Logistics,"Memphis, Tennessee",12/31/1980,1048911
FIS,Fidelity National Information Services,Information Technology,Internet Software & Services,"Jacksonville, Florida",,1136893
FITB,Fifth Third Bancorp,Financials,Banks,"Cincinnati, Ohio",,35527
FSLR,First Solar Inc,Energy,Heavy Electrical Equipment,"Tempe, Arizona",,1274494
FE,FirstEnergy Corp,Utilities,Multi-Utilities & Unregulated Power,"Akron, Ohio",,1031296
FISV,Fiserv Inc,Information Technology,Internet Software & Services,"Brookfield, Wisconsin",,798354
FLIR,FLIR Systems,Industrials,Aerospace & Defense,"Wilsonville, Oregon",,354908
FLS,Flowserve Corporation,Industrials,Industrial Machinery,"Irving, Texas",,30625
FLR,Fluor Corp.,Industrials,Diversified Commercial Services,"Irving, Texas",3/31/1980,1124198
FMC,FMC Corporation,Materials,Diversified Chemicals,"Philadelphia, Pennsylvania",,37785
FTI,FMC Technologies Inc.,Energy,Oil & Gas Equipment & Services,"Houston, Texas",,1135152
F,Ford Motor,Consumer Discretionary,Automobile Manufacturers,"Dearborn, Michigan",,37996
FOSL,"Fossil, Inc.",Consumer Discretionary,"Apparel, Accessories & Luxury Goods","Richardson, Texas",,883569
BEN,Franklin Resources,Financials,Diversified Financial Services,"San Mateo, California",,38777
FCX,Freeport-McMoran Cp & Gld,Materials,Diversified Metals & Mining,"Phoenix, Arizona",,831259
FTR,Frontier Communications,Telecommunications Services,Integrated Telecommunications Services,"Stamford, Connecticut",,20520
GME,GameStop Corp.,Consumer Discretionary,Specialty Stores,"Grapevine, Texas",,1326380
GCI,Gannett Co.,Consumer Discretionary,Publishing,"McLean, Virginia",12/31/1975,39899
GPS,Gap (The),Consumer Discretionary,Apparel Retail,"San Francisco, California",8/31/1986,39911
GRMN,Garmin Ltd.,Consumer Discretionary,Consumer Electronics,"Schaffhausen, Switzerland",12/12/2012,1121788
GD,General Dynamics,Industrials,Aerospace & Defense,"Falls Church, Virginia",,40533
GE,General Electric,Industrials,Industrial Conglomerates,"Fairfield, Connecticut",,40545
GGP,General Growth Properties Inc.,Financials,REITs,"Chicago, Illinois",12/10/2013,895648
GIS,General Mills,Consumer Staples,Packaged Foods & Meats,"Golden Valley, Minnesota",3/31/1969,40704
GM,General Motors,Consumer Discretionary,Automobile Manufacturers,"Detroit, Michigan",6/6/2013,1467858
GPC,Genuine Parts,Consumer Discretionary,Specialty Stores,"Atlanta, Georgia",12/31/1973,40987
GNW,Genworth Financial Inc.,Financials,Life & Health Insurance,"Richmond, Virginia",,1276520
GILD,Gilead Sciences,Health Care,Biotechnology,"Foster City, California",,882095
GS,Goldman Sachs Group,Financials,Diversified Financial Services,"New York, New York",,886982
GT,Goodyear Tire & Rubber,Consumer Discretionary,Tires & Rubber,"Akron, Ohio",,42582
GOOGL,Google Inc Class A,Information Technology,Internet Software & Services,"Mountain View, California",,1288776
GOOG,Google Inc Class C,Information Technology,Internet Software & Services,"Mountain View, California",,1288776
GWW,Grainger (W.W.) Inc.,Industrials,Industrial Materials,"Lake Forest, Illinois",6/30/1981,277135
HAL,Halliburton Co.,Energy,Oil & Gas Equipment & Services,"Houston, Texas",,45012
HOG,Harley-Davidson,Consumer Discretionary,Motorcycle Manufacturers,"Milwaukee, Wisconsin",,793952
HAR,Harman Int'l Industries,Consumer Discretionary,Consumer Electronics,"Stamford, Connecticut",,800459
HRS,Harris Corporation,Information Technology,Telecommunications Equipment,"Melbourne, Florida",,202058
HIG,Hartford Financial Svc.Gp.,Financials,Property & Casualty Insurance,"Hartford, Connecticut",,874766
HAS,Hasbro Inc.,Consumer Discretionary,Leisure Products,"Pawtucket, Rhode Island",9/30/1984,46080
HCP,HCP Inc.,Financials,REITs,"Long Beach, California",,765880
HCN,"Health Care REIT, Inc.",Financials,REITs,"Toledo, Ohio[4]",,766704
HP,Helmerich & Payne,Energy,Oil & Gas Drilling,"Tulsa, Oklahoma[5]",,46765
HES,Hess Corporation,Energy,Integrated Oil & Gas,"New York, New York",5/31/1984,4447
HPQ,Hewlett-Packard,Information Technology,Computer Hardware,"Palo Alto, California",12/31/1974,47217
HD,Home Depot,Consumer Discretionary,Home Improvement Retail,"Cobb County, Georgia",3/31/1988,354950
HON,Honeywell Int'l Inc.,Industrials,Industrial Conglomerates,"Morristown, New Jersey",,773840
HRL,Hormel Foods Corp.,Consumer Staples,Packaged Foods & Meats,"Austin, Minnesota",,48465
HSP,Hospira Inc.,Health Care,Health Care Equipment & Services,"Lake Forest, Illinois",,1274057
HST,Host Hotels & Resorts,Financials,REITs,"Bethesda, Maryland",,1070750
HCBK,Hudson City Bancorp,Financials,Banks,"Paramus, New Jersey",,921847
HUM,Humana Inc.,Health Care,Managed Health Care,"Louisville, Kentucky",,49071
HBAN,Huntington Bancshares,Financials,Banks,"Columbus, Ohio",,49196
ITW,Illinois Tool Works,Industrials,Industrial Machinery,"Glenview, Illinois",2/28/1986,49826
IR,Ingersoll-Rand PLC,Industrials,Industrial Conglomerates,"Dublin, Ireland",,1466258
TEG,Integrys Energy Group Inc.,Utilities,Gas Utilities,"Chicago, Illinois",,916863
INTC,Intel Corp.,Information Technology,Semiconductors,"Santa Clara, California",12/31/1976,50863
ICE,IntercontinentalExchange Inc.,Financials,Diversified Financial Services,"Atlanta, Georgia",,1571949
IBM,International Bus. Machines,Information Technology,IT Consulting & Services,"Armonk, New York",,51143
IP,International Paper,Materials,Paper Products,"Memphis, Tennessee",,51434
IPG,Interpublic Group,Consumer Discretionary,Advertising,"New York, New York",10/1/1992,51644
IFF,Intl Flavors & Fragrances,Materials,Specialty Chemicals,"New York, New York",3/31/1976,51253
INTU,Intuit Inc.,Information Technology,Internet Software & Services,"Mountain View, California",12/5/2000,896878
ISRG,Intuitive Surgical Inc.,Health Care,Health Care Equipment & Services,"Sunnyvale, California",,1035267
IVZ,Invesco Ltd.,Financials,Diversified Financial Services,"Atlanta, Georgia",,914208
IRM,Iron Mountain Incorporated,Industrials,Data Processing Services,"Boston, Massachusetts",,1020569
JEC,Jacobs Engineering Group,Industrials,Industrial Conglomerates,"Pasadena, California",,52988
JNJ,Johnson & Johnson,Health Care,Health Care Equipment & Services,"New Brunswick, New Jersey",6/30/1973,200406
JCI,Johnson Controls,Consumer Discretionary,Auto Parts & Equipment,"Milwaukee, Wisconsin",5/31/1986,53669
JOY,Joy Global Inc.,Industrials,Industrial Machinery,"Milwaukee, Wisconsin",,801898
JPM,JPMorgan Chase & Co.,Financials,Banks,"New York, New York",6/30/1975,19617
JNPR,Juniper Networks,Information Technology,Networking Equipment,"Sunnyvale, California",,1043604
KSU,Kansas City Southern,Industrials,Railroads,"Kansas City, Missouri",5/24/2013,54480
K,Kellogg Co.,Consumer Staples,Packaged Foods & Meats,"Battle Creek, Michigan",,55067
KEY,KeyCorp,Financials,Banks,"Cleveland, Ohio",3/1/1994,91576
GMCR,Keurig Green Mountain,Consumer Staples,Packaged Foods & Meats,"Waterbury, Vermont",,909954
KMB,Kimberly-Clark,Consumer Staples,Household Products,"Irving, Texas",,55785
KIM,Kimco Realty,Financials,REITs,"New Hyde Park, New York",,879101
KMI,Kinder Morgan,Energy,Oil & Gas Refining & Marketing & Transportation,"Houston, Texas",5/24/2012,1506307
KLAC,KLA-Tencor Corp.,Information Technology,Semiconductor Equipment,"Milpitas, California",,319201
KSS,Kohl's Corp.,Consumer Discretionary,General Merchandise Stores,"Menomonee Falls, Wisconsin",,885639
KRFT,Kraft Foods Group,Consumer Staples,Packaged Foods & Meats,"Northfield, Illinois",10/2/2012,1545158
KR,Kroger Co.,Consumer Staples,Food Retail,"Cincinnati, Ohio",,56873
LB,L Brands Inc.,Consumer Discretionary,Apparel Retail,"Columbus, Ohio",9/30/1983,701985
LLL,L-3 Communications Holdings,Industrials,Industrial Conglomerates,"New York, New York",,1056239
LH,Laboratory Corp. of America Holding,Health Care,Health Care Facilities,"Burlington, North Carolina",,920148
LRCX,Lam Research,Information Technology,Semiconductor Equipment,"Fremont, California",,707549
LM,Legg Mason,Financials,Diversified Financial Services,"Baltimore, Maryland",,704051
LEG,Leggett & Platt,Industrials,Industrial Conglomerates,"Carthage, Missouri",,58492
LEN,Lennar Corp.,Consumer Discretionary,Homebuilding,"Miami, Florida",,920760
LVLT,Level 3 Communications,Telecommunications Services,Alternative Carriers,"Broomfield, Colorado",11/5/2014,794323
LUK,Leucadia National Corp.,Financials,Multi-Sector Holdings,"New York, New York",,96223
LLY,Lilly (Eli) & Co.,Health Care,Pharmaceuticals,"Indianapolis, Indiana",12/31/1970,59478
LNC,Lincoln National,Financials,Multi-line Insurance,"Radnor, Pennsylvania",6/30/1976,59558
LLTC,Linear Technology Corp.,Information Technology,Semiconductors,"Milpitas, California",,791907
LMT,Lockheed Martin Corp.,Industrials,Aerospace & Defense,"Bethesda, Maryland",7/31/1984,936468
L,Loews Corp.,Financials,Multi-Sector Holdings,"New York, New York",,60086
LO,Lorillard Inc.,Consumer Staples,Tobacco,"Greensboro, North Carolina",,1424847
LOW,Lowe's Cos.,Consumer Discretionary,Home Improvement Retail,"Mooresville, North Carolina",2/29/1984,60667
LYB,LyondellBasell,Materials,Diversified Chemicals,"Rotterdam, Netherlands",9/5/2012,1489393
MTB,M&T Bank Corp.,Financials,Banks,"Buffalo, New York",,36270
MAC,Macerich,Financials,Retail REITs,"Santa Monica, California",5/9/2013,912242
M,Macy's Inc.,Consumer Discretionary,Department Stores,"Cincinnati, Ohio",,794367
MMM,3M Company,Industrials,Industrial Conglomerates,"St. Paul, Minnesota",,66740
MNK,Mallinckrodt plc,Health Care,Pharmaceuticals,"Dublin, Ireland",8/19/2014,1567892
MRO,Marathon Oil Corp.,Energy,Oil & Gas Exploration & Production,"Houston, Texas",5/1/1991,101778
MPC,Marathon Petroleum,Energy,Oil & Gas Refining & Marketing & Transportation,"Findlay, Ohio",,1510295
MAR,Marriott Int'l.,Consumer Discretionary,"Hotels, Resorts & Cruise Lines","Bethesda, Maryland",,1048286
MMC,Marsh & McLennan,Financials,Insurance Brokers,"New York, New York",8/31/1987,62709
MAS,Masco Corp.,Industrials,Building Products,"Taylor, Michigan",6/30/1981,62996
MA,Mastercard Inc.,Information Technology,Internet Software & Services,"Harrison, New York",,1141391
MAT,Mattel Inc.,Consumer Discretionary,Leisure Products,"El Segundo, California",3/31/1982,63276
MKC,McCormick & Co.,Consumer Staples,Packaged Foods & Meats,"Sparks, Maryland",,63754
MCD,McDonald's Corp.,Consumer Discretionary,Restaurants,"Oak Brook, Illinois",6/30/1970,63908
MHFI,McGraw Hill Financial,Financials,Diversified Financial Services,"New York, New York",,64040
MCK,McKesson Corp.,Health Care,Health Care Distributors & Services,"San Francisco, California",,927653
MJN,Mead Johnson,Consumer Staples,Packaged Foods & Meats,"Glenview, Illinois",,1452575
MWV,MeadWestvaco Corporation,Materials,Paper Packaging,"Richmond, Virginia",,1159297
MDT,Medtronic Inc.,Health Care,Health Care Equipment & Services,"Fridley, Minnesota",10/31/1986,64670
MRK,Merck & Co.,Health Care,Pharmaceuticals,"Whitehouse Station, New Jersey",,310158
MET,MetLife Inc.,Financials,Life & Health Insurance,"New York, New York",,1099219
MCHP,Microchip Technology,Information Technology,Semiconductors,"Chandler, Arizona",,827054
MU,Micron Technology,Information Technology,Semiconductors,"Boise, Idaho",9/27/1994,723125
MSFT,Microsoft Corp.,Information Technology,Systems Software,"Redmond, Washington",6/1/1994,789019
MHK,Mohawk Industries,Consumer Discretionary,Home Furnishings,"Amsterdam, New York",,851968
TAP,Molson Coors Brewing Company,Consumer Staples,Brewers,"Denver, Colorado",6/30/1976,24545
MDLZ,Mondelez International,Consumer Staples,Packaged Foods & Meats,"Northfield, Illinois",10/2/2012,1103982
MON,Monsanto Co.,Materials,Fertilizers & Agricultural Chemicals,"Creve Coeur, Missouri",,1110783
MNST,Monster Beverage,Consumer Staples,Soft Drinks,"Corona, California",6/28/2012,865752
MCO,Moody's Corp,Financials,Diversified Financial Services,"New York, New York",,1059556
MS,Morgan Stanley,Financials,Diversified Financial Services,"New York, New York",,895421
MOS,The Mosaic Company,Materials,Fertilizers & Agricultural Chemicals,"Plymouth, Minnesota",,1285785
MSI,Motorola Solutions Inc.,Information Technology,Telecommunications Equipment,"Schaumburg, Illinois",,68505
MUR,Murphy Oil,Energy,Integrated Oil & Gas,"El Dorado, Arkansas",,717423
MYL,Mylan Inc.,Health Care,Pharmaceuticals,"Canonsburg, Pennsylvania",,69499
NBR,Nabors Industries Ltd.,Energy,Oil & Gas Drilling,"Hamilton, Bermuda",,1163739
NDAQ,NASDAQ OMX Group,Financials,Diversified Financial Services,"New York, New York",,1120193
NOV,National Oilwell Varco Inc.,Energy,Oil & Gas Equipment & Services,"Houston, Texas",,1021860
NAVI,Navient Corp,Financials,Consumer Finance,"Newark, Delaware",,1084750
NTAP,NetApp,Information Technology,Internet Software & Services,"Sunnyvale, California",,1002047
NFLX,Netflix Inc.,Information Technology,Internet Software & Services,"Los Gatos, California",,1065280
NWL,Newell Rubbermaid Co.,Consumer Discretionary,Housewares & Specialties,"Sandy Springs, Georgia",4/30/1989,814453
NFX,Newfield Exploration Co,Energy,Oil & Gas Exploration & Production,"Houston, Texas",,912750
NEM,Newmont Mining Corp. (Hldg. Co.),Materials,Gold,"Denver, Colorado",6/30/1969,1164727
NWSA,News Corporation,Consumer Discretionary,Publishing,"New York, New York",,1564708
NEE,NextEra Energy,Utilities,Multi-Utilities & Unregulated Power,"Juno Beach, Florida",6/30/1976,753308
NLSN,Nielsen Holdings,Industrials,Research & Consulting Services,"New York, New York",7/8/2013,1492633
NKE,NIKE Inc.,Consumer Discretionary,"Apparel, Accessories & Luxury Goods","Washington County, Oregon",11/30/1988,320187
NI,NiSource Inc.,Utilities,Multi-Utilities & Unregulated Power,"Merrillville, Indiana",,1111711
NE,Noble Corp,Energy,Oil & Gas Drilling,"Geneva, Switzerland",,1458891
NBL,Noble Energy Inc,Energy,Oil & Gas Exploration & Production,"Houston, Texas",,72207
JWN,Nordstrom,Consumer Discretionary,Department Stores,"Seattle, Washington",8/31/1986,72333
NSC,Norfolk Southern Corp.,Industrials,Railroads,"Norfolk, Virginia",,702165
NTRS,Northern Trust Corp.,Financials,Diversified Financial Services,"Chicago, Illinois",,73124
NOC,Northrop Grumman Corp.,Industrials,Aerospace & Defense,"West Falls Church, Virginia",6/30/1985,1133421
NU,Northeast Utilities,Utilities,Multi-Utilities & Unregulated Power,"Berlin, Connecticut",,72741
NRG,NRG Energy,Utilities,Multi-Utilities & Unregulated Power,"Princeton, New Jersey",2010-01-28[6],1013871
NUE,Nucor Corp.,Materials,Steel,"Charlotte, North Carolina",4/30/1985,73309
NVDA,Nvidia Corporation,Information Technology,Semiconductors,"Santa Clara, California",,1045810
KORS,Michael Kors,Consumer Discretionary,"Apparel, Accessories & Luxury Goods","New York, New York",,1530721
ORLY,O'Reilly Automotive,Consumer Discretionary,Specialty Stores,"Springfield, Missouri",,898173
OXY,Occidental Petroleum,Energy,Oil & Gas Exploration & Production,"Los Angeles, California",12/31/1982,797468
OMC,Omnicom Group,Consumer Discretionary,Advertising,"New York, New York",,29989
OKE,ONEOK,Energy,Oil & Gas Exploration & Production,"Tulsa, Oklahoma",,1039684
ORCL,Oracle Corp.,Information Technology,Application Software,"Redwood Shores, California",8/31/1989,1341439
OI,Owens-Illinois Inc,Materials,Metal & Glass Containers,"Perrysburg, Ohio",,812074
PCG,P G & E Corp.,Utilities,Multi-Utilities & Unregulated Power,"San Francisco, California",,1004980
PCAR,PACCAR Inc.,Industrials,Construction & Farm Machinery & Heavy Trucks,"Bellevue, Washington",12/31/1980,75362
PLL,Pall Corp.,Industrials,Industrial Conglomerates,"Port Washington, New York",12/31/1987,75829
PH,Parker-Hannifin,Industrials,Industrial Conglomerates,"Cleveland, Ohio",11/30/1985,76334
PDCO,Patterson Companies,Health Care,Health Care Supplies,"St. Paul, Minnesota",,891024
PAYX,Paychex Inc.,Information Technology,Internet Software & Services,"Penfield, New York",,723531
PNR,Pentair Ltd.,Industrials,Industrial Conglomerates,"Schaffhausen, Switzerland",10/1/2012,77360
PBCT,People's United Bank,Financials,Banks,"Bridgeport, Connecticut",,1378946
POM,Pepco Holdings Inc.,Utilities,Multi-Utilities & Unregulated Power,Washington D.C,,1135971
PEP,PepsiCo Inc.,Consumer Staples,Soft Drinks,"Purchase, New York",,77476
PKI,PerkinElmer,Health Care,Health Care Equipment & Services,"Waltham, Massachusetts",5/31/1985,31791
PRGO,Perrigo,Health Care,Pharmaceuticals,"Dublin, Ireland",12/16/2011,1585364
PETM,"PetSmart, Inc.",Consumer Discretionary,Specialty Stores,"Phoenix, Arizona",10/10/2012,863157
PFE,Pfizer Inc.,Health Care,Pharmaceuticals,"New York, New York",,78003
PM,Philip Morris International,Consumer Staples,Tobacco,"New York, New York",,1413329
PSX,Phillips 66,Energy,Oil & Gas Refining & Marketing & Transportation,"Houston, Texas",4/30/2012,1534701
PNW,Pinnacle West Capital,Utilities,Multi-Utilities & Unregulated Power,"Phoenix, Arizona",,764622
PXD,Pioneer Natural Resources,Energy,Oil & Gas Exploration & Production,"Irving, Texas",,1038357
PBI,Pitney-Bowes,Industrials,Office Services & Supplies,"Stamford, Connecticut",,78814
PCL,Plum Creek Timber Co.,Financials,REITs,"Seattle, Washington",,849213
PNC,PNC Financial Services,Financials,Banks,"Pittsburgh, Pennsylvania",4/30/1988,713676
RL,Polo Ralph Lauren Corp.,Consumer Discretionary,"Apparel, Accessories & Luxury Goods","New York, New York",,1037038
PPG,PPG Industries,Materials,Diversified Chemicals,"Pittsburgh, Pennsylvania",,79879
PPL,PPL Corp.,Utilities,Multi-Utilities & Unregulated Power,"Allentown, Pennsylvania",,922224
PX,Praxair Inc.,Materials,Industrial Gases,"Danbury, Connecticut",7/1/1992,884905
PCP,Precision Castparts,Industrials,Industrial Conglomerates,"Portland, Oregon",,79958
PCLN,Priceline.com Inc,Consumer Discretionary,"Hotels, Resorts & Cruise Lines","Norwalk, Connecticut",,1075531
PFG,Principal Financial Group,Financials,Diversified Financial Services,"Des Moines, Iowa",,1126328
PG,Procter & Gamble,Consumer Staples,Personal Products,"Cincinnati, Ohio",,80424
PGR,Progressive Corp.,Financials,Property & Casualty Insurance,"Mayfield Village, Ohio",,80661
PLD,Prologis,Financials,Diversified Financial Services,"San Francisco, California",,1045609
PRU,Prudential Financial,Financials,Diversified Financial Services,"Newark, New Jersey",,1137774
PEG,Public Serv. Enterprise Inc.,Utilities,Multi-Utilities & Unregulated Power,"Newark, New Jersey",,788784
PSA,Public Storage,Financials,REITs,"Glendale, California",,1393311
PHM,Pulte Homes Inc.,Consumer Discretionary,Homebuilding,"Bloomfield Hills, Michigan",4/30/1984,822416
PVH,PVH Corp.,Consumer Discretionary,"Apparel, Accessories & Luxury Goods","New York, New York",2/15/2013,78239
QEP,QEP Resources,Energy,Oil & Gas Exploration & Production,"Denver, Colorado[7]",,1108827
PWR,Quanta Services Inc.,Industrials,Industrial Conglomerates,"Houston, Texas",,1050915
QCOM,QUALCOMM Inc.,Information Technology,Semiconductors,"San Diego, California",,804328
DGX,Quest Diagnostics,Health Care,Health Care Facilities,"Madison, New Jersey",,1022079
RRC,Range Resources Corp.,Energy,Oil & Gas Exploration & Production,"Fort Worth, Texas",,315852
RTN,Raytheon Co.,Industrials,Aerospace & Defense,"Waltham, Massachusetts",,1047122
RHT,Red Hat Inc.,Information Technology,Systems Software,"Raleigh, North Carolina",,1087423
REGN,Regeneron,Health Care,Biotechnology,"Tarrytown, New York",5/1/2013,872589
RF,Regions Financial Corp.,Financials,Diversified Financial Services,"Birmingham, Alabama",,1281761
RSG,Republic Services Inc,Industrials,Industrial Conglomerates,"Phoenix, Arizona",,1060391
RAI,Reynolds American Inc.,Consumer Staples,Tobacco,"Winston-Salem, North Carolina",,1275283
RHI,Robert Half International,Industrials,Industrial Conglomerates,"Menlo Park, California",,315213
ROK,Rockwell Automation Inc.,Industrials,Industrial Conglomerates,"Milwaukee, Wisconsin",,1024478
COL,Rockwell Collins,Industrials,Industrial Conglomerates,"Cedar Rapids, Iowa",,1137411
ROP,Roper Industries,Industrials,Industrial Conglomerates,"Sarasota, Florida",,882835
ROST,Ross Stores,Consumer Discretionary,Apparel Retail,"Pleasanton, California",,745732
R,Ryder System,Industrials,Industrial Conglomerates,"Miami, Florida",12/31/1982,85961
SWY,Safeway Inc.,Consumer Staples,Food Retail,"Pleasanton, California",,86144
CRM,Salesforce.com,Information Technology,Internet Software & Services,"San Francisco, California",,1108524
SNDK,SanDisk Corporation,Information Technology,Computer Storage & Peripherals,"Milpitas, California",,1000180
SCG,SCANA Corp,Utilities,Multi-Utilities & Unregulated Power,"Cayce, South Carolina",,754737
SLB,Schlumberger Ltd.,Energy,Oil & Gas Equipment & Services,"Houston, Texas",3/31/1965,87347
SNI,Scripps Networks Interactive Inc.,Consumer Discretionary,Broadcasting & Cable TV,"Cincinnati, Ohio",,1430602
STX,Seagate Technology,Information Technology,Computer Storage & Peripherals,"Dublin, Ireland",6/29/2012,1137789
SEE,Sealed Air Corp.(New),Materials,Paper Packaging,"Elmwood Park, New Jersey",,1012100
SRE,Sempra Energy,Utilities,Multi-Utilities & Unregulated Power,"San Diego, California",,1032208
SHW,Sherwin-Williams,Materials,Specialty Chemicals,"Cleveland, Ohio",6/30/1964,89800
SIAL,Sigma-Aldrich,Materials,Diversified Chemicals,"St. Louis, Missouri",9/1/1994,90185
SPG,Simon Property Group Inc,Financials,REITs,"Indianapolis, Indiana",,1063761
SJM,Smucker (J.M.),Consumer Staples,Packaged Foods & Meats,"Orrville, Ohio",,91419
SNA,Snap-On Inc.,Consumer Discretionary,Household Appliances,"Kenosha, Wisconsin",9/30/1982,91440
SO,Southern Co.,Utilities,Multi-Utilities & Unregulated Power,"Atlanta, Georgia",,92122
LUV,Southwest Airlines,Industrials,Airlines,"Dallas, Texas",7/1/1994,92380
SWN,Southwestern Energy,Energy,Oil & Gas Exploration & Production,"Houston, Texas[8]",,7332
SE,Spectra Energy Corp.,Energy,Oil & Gas Refining & Marketing & Transportation,"Houston, Texas",,1373835
STJ,St Jude Medical,Health Care,Health Care Equipment & Services,"Little Canada, Minnesota",11/30/1989,203077
SWK,Stanley Black & Decker,Consumer Discretionary,Household Appliances,"New Britain, Connecticut",9/30/1982,93556
SPLS,Staples Inc.,Consumer Discretionary,Specialty Stores,"Framingham, Massachusetts",,791519
SBUX,Starbucks Corp.,Consumer Discretionary,Restaurants,"Seattle, Washington",,829224
HOT,Starwood Hotels & Resorts,Consumer Discretionary,"Hotels, Resorts & Cruise Lines","White Plains, New York",,316206
STT,State Street Corp.,Financials,Diversified Financial Services,"Boston, Massachusetts",,93751
SRCL,Stericycle Inc,Industrials,Industrial Conglomerates,"Lake Forest, Illinois",,861878
SYK,Stryker Corp.,Health Care,Health Care Equipment & Services,"Kalamazoo, Michigan",,310764
STI,SunTrust Banks,Financials,Banks,"Atlanta, Georgia",5/31/1988,750556
SYMC,Symantec Corp.,Information Technology,Application Software,"Mountain View, California",,849399
SYY,Sysco Corp.,Consumer Staples,Food Distributors,"Houston, Texas",12/31/1986,96021
TROW,T. Rowe Price Group,Financials,Diversified Financial Services,"Baltimore, Maryland",,1113169
TGT,Target Corp.,Consumer Discretionary,General Merchandise Stores,"Minneapolis, Minnesota",12/31/1976,27419
TEL,TE Connectivity Ltd.,Information Technology,Electronic Equipment & Instruments,"Schaffhausen, Switzerland",,1385157
TE,TECO Energy,Utilities,Multi-Utilities & Unregulated Power,"Tampa, Florida",,350563
THC,Tenet Healthcare Corp.,Health Care,Health Care Facilities,"Dallas, Texas",3/31/1979,70318
TDC,Teradata Corp.,Information Technology,Application Software,"Miamisburg, Ohio",,816761
TSO,Tesoro Petroleum Co.,Energy,Oil & Gas Refining & Marketing & Transportation,"San Antonio, Texas",,50104
TXN,Texas Instruments,Information Technology,Semiconductors,"Dallas, Texas",,97476
TXT,Textron Inc.,Industrials,Industrial Conglomerates,"Providence, Rhode Island",12/31/1978,217346
HSY,The Hershey Company,Consumer Staples,Packaged Foods & Meats,"Hershey, Pennsylvania",,47111
TRV,The Travelers Companies Inc.,Financials,Property & Casualty Insurance,"New York, New York",,86312
TMO,Thermo Fisher Scientific,Health Care,Health Care Equipment & Services,"Waltham, Massachusetts",,97745
TIF,Tiffany & Co.,Consumer Discretionary,"Apparel, Accessories & Luxury Goods","New York, New York",,98246
TWX,Time Warner Inc.,Consumer Discretionary,Broadcasting & Cable TV,"New York, New York",,1105705
TWC,Time Warner Cable Inc.,Consumer Discretionary,Broadcasting & Cable TV,"New York, New York",,1377013
TJX,TJX Companies Inc.,Consumer Discretionary,Apparel Retail,"Framingham, Massachusetts",9/30/1985,109198
TMK,Torchmark Corp.,Financials,Life & Health Insurance,"McKinney, Texas",4/30/1989,320335
TSS,Total System Services,Information Technology,Internet Software & Services,"Columbus, Georgia",,721683
TSCO,Tractor Supply Company,Consumer Discretionary,Specialty Retail,"Brentwood, Tennessee",,916365
RIG,Transocean,Energy,Oil & Gas Drilling,"Vernier, Switzerland",10/28/2013,1451505
TRIP,TripAdvisor,Consumer Discretionary,Internet Retail,"Newton, Massachusetts",,1526520
FOXA,Twenty-First Century Fox,Consumer Discretionary,Publishing,"New York, New York",7/1/2013,1308161
TSN,Tyson Foods,Consumer Staples,Packaged Foods & Meats,"Springdale, Arkansas",,100493
TYC,Tyco International,Industrials,Industrial Conglomerates,"Schaffhausen, Switzerland",,833444
USB,U.S. Bancorp,Financials,Banks,"Minneapolis, Minnesota",,36104
UA,Under Armour,Consumer Discretionary,"Apparel, Accessories & Luxury Goods","Baltimore, Maryland",,1336917
UNP,Union Pacific,Industrials,Railroads,"Omaha, Nebraska",,100885
UNH,United Health Group Inc.,Health Care,Managed Health Care,"Minnetonka, Minnesota",7/1/1994,731766
UPS,United Parcel Service,Industrials,Air Freight & Logistics,"Atlanta, Georgia",,1090727
MLM,Martin Marietta Materials,Materials,Construction Materials,"Raleigh, North Carolina",7/2/2014,916076
URI,"United Rentals, Inc.",Industrials,Trading Companies & Distributors,"Stamford, Connecticut",9/20/2014,1215583
UTX,United Technologies,Industrials,Industrial Conglomerates,"Hartford, Connecticut",,101829
UHS,"Universal Health Services, Inc.",Health Care,Health Care Facilities,"King of Prussia, Pennsylvania",9/20/2014,352915
UNM,Unum Group,Financials,Diversified Financial Services,"Chattanooga, Tennessee",3/1/1994,5513
URBN,Urban Outfitters,Consumer Discretionary,Apparel Retail,"Philadelphia, Pennsylvania",,912615
VFC,V.F. Corp.,Consumer Discretionary,"Apparel, Accessories & Luxury Goods","Greensboro, North Carolina",6/30/1979,103379
VLO,Valero Energy,Energy,Oil & Gas Refining & Marketing & Transportation,"San Antonio, Texas",,1035002
VAR,Varian Medical Systems,Health Care,Health Care Equipment & Services,"Palo Alto, California",,203527
VTR,Ventas Inc,Financials,Diversified Financial Services,"Chicago, Illinois",,740260
VRSN,Verisign Inc.,Information Technology,Internet Software & Services,"Dulles, Virginia",,1014473
VZ,Verizon Communications,Telecommunications Services,Integrated Telecommunications Services,"New York, New York",11/30/1983,732712
VRTX,Vertex Pharmaceuticals Inc,Health Care,Biotechnology,"Cambridge, Massachusetts",9/20/2013,875320
VIAB,Viacom Inc.,Consumer Discretionary,Broadcasting & Cable TV,"New York, New York",,1339947
V,Visa Inc.,Information Technology,Internet Software & Services,"San Francisco, California",,1403161
VNO,Vornado Realty Trust,Financials,REITs,"New York, New York",,899689
VMC,Vulcan Materials,Materials,Construction Materials,"Birmingham, Alabama",,1396009
WMT,Wal-Mart Stores,Consumer Staples,Hypermarkets & Super Centers,"Bentonville, Arkansas",8/31/1982,104169
WAG,Walgreen Co.,Consumer Staples,Drug Retail,"Deerfield, Illinois",12/31/1979,104207
DIS,The Walt Disney Company,Consumer Discretionary,Broadcasting & Cable TV,"Burbank, California",6/30/1976,1001039
WM,Waste Management Inc.,Industrials,Environmental Services,"Houston, Texas",,823768
WAT,Waters Corporation,Health Care,Health Care Distributors & Services,"Milford, Massachusetts",,1000697
WLP,WellPoint Inc.,Health Care,Managed Health Care,"Indianapolis, Indiana",,1156039
WFC,Wells Fargo,Financials,Banks,"San Francisco, California",6/30/1976,72971
WDC,Western Digital,Information Technology,Computer Storage & Peripherals,"Irvine, California",,106040
WU,Western Union Co,Information Technology,Internet Software & Services,"Englewood, Colorado",,1365135
WY,Weyerhaeuser Corp.,Financials,REITs,"Federal Way, Washington",,106535
WHR,Whirlpool Corp.,Consumer Discretionary,Household Appliances,"Benton Harbor, Michigan",,106640
WFM,Whole Foods Market,Consumer Staples,Food Retail,"Austin, Texas",,865436
WMB,Williams Cos.,Energy,Oil & Gas Exploration & Production,"Tulsa, Oklahoma",3/31/1975,107263
WIN,Windstream Communications,Telecommunications Services,Integrated Telecommunications Services,"Little Rock, Arkansas",,1282266
WEC,Wisconsin Energy Corporation,Utilities,Multi-Utilities & Unregulated Power,"Milwaukee, Wisconsin",,783325
WYN,Wyndham Worldwide,Consumer Discretionary,"Hotels, Resorts & Cruise Lines","Parsippany, New Jersey",,1361658
WYNN,Wynn Resorts Ltd,Consumer Discretionary,Casinos & Gaming,"Las Vegas, Nevada",,1174922
XEL,Xcel Energy Inc,Utilities,Multi-Utilities & Unregulated Power,"Minneapolis, Minnesota",,72903
XRX,Xerox Corp.,Information Technology,IT Consulting & Services,"Norwalk, Connecticut",,108772
XLNX,Xilinx Inc,Information Technology,Semiconductors,"San Jose, California",,743988
XL,XL Capital,Financials,Property & Casualty Insurance,"Hamilton, Bermuda",,875159
XYL,Xylem Inc.,Industrials,Industrial Conglomerates,"White Plains, New York",,1524472
YHOO,Yahoo Inc.,Information Technology,Internet Software & Services,"Sunnyvale, California",,1011006
YUM,Yum! Brands Inc,Consumer Discretionary,Restaurants,"Louisville, Kentucky",,1041061
ZMH,Zimmer Holdings,Health Care,Health Care Equipment & Services,"Warsaw, Indiana",,1136869
ZION,Zions Bancorp,Financials,Banks,"Salt Lake City, Utah",,109380
ZTS,Zoetis,Health Care,Pharmaceuticals,"Florham Park, New Jersey",,1555280
